Overall Rank,Player,Position,Team,Standard ADP,Standard Pos Rank,PPR ADP,PPR Pos Rank,Half-PPR ADP,Half-PPR Pos Rank
1,Jahmyr Gibbs,RB,DET,1.5,RB1,1.4,RB1,1.5,RB1
2,Bijan Robinson,RB,ATL,2.3,RB2,2.3,RB2,2.2,RB2
3,Puka Nacua,WR,LAR,4.6,WR1,2.8,WR1,2.8,WR1
4,Ja'Marr Chase,WR,CIN,4.7,WR2,3.8,WR2,3.9,WR2
5,Christian McCaffrey,RB,SF,6.7,RB5,5.5,RB3,5.5,RB3
6,Jaxon Smith-Njigba,WR,SEA,7.3,WR3,5.7,WR3,5.9,WR3
7,Amon-Ra St. Brown,WR,DET,9.4,WR4,7.0,WR4,7.9,WR4
8,Jonathan Taylor,RB,IND,3.4,RB3,7.4,RB4,5.9,RB4
9,De'Von Achane,RB,MIA,11.7,RB7,9.6,RB5,10.5,RB7
10,CeeDee Lamb,WR,DAL,13.6,WR5,10.5,WR5,12.1,WR5
11,James Cook III,RB,BUF,8.1,RB6,11.3,RB6,9.5,RB5
12,Justin Jefferson,WR,MIN,15.5,WR7,11.7,WR6,13.1,WR6
13,Chase Brown,RB,CIN,14.2,RB9,13.1,RB7,13.6,RB8
14,Drake London,WR,ATL,14.8,WR6,13.8,WR7,13.9,WR7
15,Derrick Henry,RB,BAL,6.0,RB4,15.5,RB8,9.8,RB6
16,A.J. Brown,WR,NE,19.1,WR9,16.5,WR8,17.0,WR8
17,Rashee Rice,WR,KC,22.4,WR11,17.3,WR9,18.3,WR9
18,Saquon Barkley,RB,PHI,12.0,RB8,18.3,RB9,16.7,RB9
19,George Pickens,WR,DAL,18.2,WR8,19.9,WR10,19.9,WR10
20,Chris Olave,WR,NO,25.4,WR13,20.0,WR11,22.2,WR12
21,Nico Collins,WR,HOU,19.6,WR10,20.1,WR12,21.0,WR11
22,Kenneth Walker,RB,KC,17.4,RB10,21.0,RB10,20.3,RB10
23,Ashton Jeanty,RB,LV,25.5,RB14,21.2,RB11,23.1,RB12
24,Omarion Hampton,RB,LAC,23.2,RB12,22.3,RB12,22.5,RB11
25,Zay Flowers,WR,BAL,23.5,WR12,24.6,WR13,23.9,WR13
26,Malik Nabers,WR,NYG,31.6,WR16,26.8,WR14,26.1,WR14
27,Garrett Wilson,WR,NYJ,40.8,WR21,26.9,WR15,28.3,WR15
28,Jeremiyah Love,RB,ARI,32.3,RB16,28.2,RB13,27.7,RB13
29,DeVonta Smith,WR,PHI,36.1,WR20,29.1,WR16,30.9,WR16
30,Breece Hall,RB,NYJ,30.4,RB15,30.6,RB14,31.4,RB16
31,Trey McBride,TE,ARI,53.9,TE2,31.2,TE1,42.8,TE2
32,Tetairoa McMillan,WR,CAR,32.4,WR17,31.6,WR17,31.8,WR17
33,Javonte Williams,RB,DAL,24.3,RB13,31.7,RB15,28.5,RB14
34,Kyren Williams,RB,LAR,22.5,RB11,31.8,RB16,29.7,RB15
35,Josh Allen,QB,BUF,27.2,QB1,32.4,QB1,29.7,QB1
36,Brock Bowers,TE,LV,47.1,TE1,34.5,TE2,40.1,TE1
37,Emeka Egbuka,WR,TB,34.7,WR18,35.5,WR18,34.2,WR18
38,Travis Etienne Jr.,RB,NO,35.1,RB17,36.3,RB17,36.7,RB17
39,Tee Higgins,WR,CIN,29.0,WR14,36.6,WR19,35.1,WR19
40,Cam Skattebo,RB,NYG,35.7,RB18,37.5,RB18,37.7,RB18
41,Ladd McConkey,WR,LAC,44.1,WR24,38.8,WR20,40.1,WR22
42,Davante Adams,WR,LAR,36.0,WR19,41.8,WR21,37.8,WR21
43,D'Andre Swift,RB,CHI,38.3,RB19,42.5,RB19,39.9,RB19
44,Jaylen Waddle,WR,DEN,47.1,WR26,44.2,WR22,45.1,WR23
45,Jameson Williams,WR,DET,30.2,WR15,45.6,WR23,37.4,WR20
46,Bucky Irving,RB,TB,46.8,RB20,45.7,RB20,44.7,RB20
47,DJ Moore,WR,BUF,48.6,WR27,47.4,WR24,45.8,WR25
48,Terry McLaurin,WR,WAS,43.0,WR22,48.3,WR25,45.1,WR24
49,Quinshon Judkins,RB,CLE,47.6,RB21,49.2,RB21,50.0,RB21
50,Luther Burden III,WR,CHI,56.4,WR28,50.7,WR26,51.3,WR27
51,Drake Maye,QB,NE,43.5,QB2,51.1,QB2,52.1,QB2
52,David Montgomery,RB,HOU,51.7,RB23,51.9,RB22,55.5,RB23
53,Bhayshul Tuten,RB,JAX,49.0,RB22,53.6,RB23,52.0,RB22
54,Colston Loveland,TE,CHI,67.3,TE3,53.8,TE3,59.8,TE3
55,Joe Burrow,QB,CIN,54.3,QB3,54.5,QB3,54.6,QB3
56,Rome Odunze,WR,CHI,43.7,WR23,54.9,WR27,48.1,WR26
57,Lamar Jackson,QB,BAL,55.8,QB4,55.0,QB4,55.6,QB4
58,Christian Watson,WR,GB,46.3,WR25,56.5,WR28,53.0,WR28
59,Mike Evans,WR,SF,56.8,WR30,57.4,WR29,55.5,WR29
60,Rhamondre Stevenson,RB,NE,60.2,RB25,61.2,RB24,63.6,RB25
61,Courtland Sutton,WR,DEN,63.1,WR32,61.4,WR30,61.0,WR30
62,Parker Washington,WR,JAX,64.2,WR33,61.6,WR31,62.9,WR32
63,Jaylen Warren,RB,PIT,65.1,RB27,62.8,RB25,68.4,RB27
64,TreVeyon Henderson,RB,NE,57.8,RB24,63.7,RB26,65.2,RB26
65,DK Metcalf,WR,PIT,62.9,WR31,64.2,WR32,63.6,WR33
66,Dak Prescott,QB,DAL,65.8,QB5,65.4,QB5,63.4,QB5
67,Marvin Harrison Jr.,WR,ARI,65.7,WR34,65.6,WR33,66.0,WR34
68,Tyler Warren,TE,IND,79.5,TE4,66.0,TE4,70.2,TE4
69,Jadarian Price,RB,SEA,60.8,RB26,66.1,RB27,56.2,RB24
70,Tony Pollard,RB,TEN,68.3,RB28,68.8,RB28,69.6,RB28
71,Alec Pierce,WR,IND,56.8,WR29,69.3,WR34,61.7,WR31
72,Brian Thomas Jr.,WR,JAX,69.1,WR35,73.6,WR35,68.8,WR35
73,Harold Fannin Jr.,TE,CLE,91.1,TE6,73.8,TE5,76.1,TE5
74,Jayden Daniels,QB,WAS,71.1,QB6,74.3,QB6,72.4,QB6
75,Matthew Stafford,QB,LAR,72.3,QB7,74.8,QB7,72.7,QB7
76,Rico Dowdle,RB,PIT,77.3,RB30,75.4,RB29,79.0,RB30
77,Michael Wilson,WR,ARI,75.6,WR37,75.7,WR36,73.3,WR36
78,Jalen Hurts,QB,PHI,74.7,QB8,76.3,QB8,77.2,QB8
79,Michael Pittman Jr.,WR,PIT,90.7,WR43,77.0,WR37,81.1,WR39
80,Chris Godwin Jr.,WR,TB,80.5,WR39,77.8,WR38,78.4,WR38
81,Chuba Hubbard,RB,CAR,79.1,RB32,78.5,RB30,86.3,RB32
82,Carnell Tate,WR,TEN,73.2,WR36,80.2,WR39,77.0,WR37
83,Seattle Defense,DEF,SEA,81.8,DEF1,80.5,DEF1,85.6,DEF1
84,Kyle Pitts Sr.,TE,ATL,122.6,TE10,81.3,TE6,94.5,TE7
85,Brock Purdy,QB,SF,82.8,QB9,83.4,QB9,88.5,QB11
86,Caleb Williams,QB,CHI,88.1,QB10,85.4,QB10,87.5,QB10
87,Denver Defense,DEF,DEN,91.9,DEF2,86.5,DEF2,92.5,DEF2
88,J.K. Dobbins,RB,DEN,68.5,RB29,86.7,RB31,78.4,RB29
89,Wan'Dale Robinson,WR,TEN,105.8,WR51,87.1,WR40,92.9,WR43
90,Jayden Reed,WR,GB,84.6,WR41,88.9,WR41,85.3,WR41
91,Jonathon Brooks,RB,CAR,88.8,RB34,89.0,RB32,89.2,RB33
92,Jakobi Meyers,WR,JAX,92.0,WR44,89.5,WR42,93.5,WR44
93,George Kittle,TE,SF,94.5,TE7,90.0,TE7,90.4,TE6
94,Trevor Lawrence,QB,JAX,90.1,QB11,91.2,QB11,86.4,QB9
95,Kenny Gainwell,RB,TB,123.7,RB41,91.3,RB33,108.0,RB38
96,Quentin Johnston,WR,LAC,78.0,WR38,91.6,WR43,84.8,WR40
97,Josh Jacobs,RB,GB,77.7,RB31,92.6,RB34,84.8,RB31
98,Josh Downs,WR,IND,102.2,WR49,94.0,WR44,97.9,WR48
99,RJ Harvey,RB,DEN,118.9,RB40,94.8,RB35,103.9,RB37
100,Stefon Diggs,WR,WAS,99.6,WR48,96.4,WR45,100.9,WR49
101,Jordan Addison,WR,MIN,83.2,WR40,97.0,WR46,88.9,WR42
102,Houston Defense,DEF,HOU,98.6,DEF3,97.3,DEF3,98.7,DEF3
103,Khalil Shakir,WR,BUF,109.9,WR52,99.6,WR47,107.8,WR50
104,LA Rams Defense,DEF,LAR,105.7,DEF4,101.3,DEF4,103.5,DEF4
105,Sam LaPorta,TE,DET,117.4,TE9,101.7,TE8,99.8,TE8
106,Matthew Golden,WR,GB,93.8,WR45,102.4,WR48,96.0,WR46
107,Jared Goff,QB,DET,104.3,QB12,102.7,QB12,97.6,QB12
108,Justin Herbert,QB,LAC,109.5,QB14,103.4,QB13,103.0,QB14
109,Patrick Mahomes,QB,KC,107.3,QB13,104.3,QB14,102.9,QB13
110,Tucker Kraft,TE,GB,85.5,TE5,104.4,TE9,104.5,TE9
111,Aaron Jones Sr.,RB,MIN,111.6,RB38,104.7,RB36,101.5,RB34
112,Xavier Worthy,WR,KC,89.8,WR42,106.9,WR49,95.1,WR45
113,Travis Kelce,TE,KC,141.6,TE15,107.5,TE10,129.6,TE11
114,Romeo Doubs,WR,NE,96.4,WR47,109.1,WR50,96.4,WR47
115,Kyle Monangai,RB,CHI,98.6,RB36,109.6,RB37,103.5,RB36
116,Jordan Mason,RB,MIN,93.9,RB35,110.8,RB38,112.7,RB39
117,Bo Nix,QB,DEN,115.5,QB15,111.4,QB15,110.4,QB15
118,MarShawn Lloyd,RB,GB,114.5,RB39,112.9,RB39,113.3,RB40
119,Jacory Croskey-Merritt,RB,WAS,87.7,RB33,114.5,RB40,103.3,RB35
120,Deebo Samuel Sr.,WR,SF,95.6,WR46,114.8,WR51,111.2,WR51
121,Minnesota Defense,DEF,MIN,119.0,DEF5,117.2,DEF5,106.4,DEF5
122,KC Concepcion,WR,CLE,114.3,WR54,118.3,WR52,113.5,WR52
123,Jaxson Dart,QB,NYG,124.4,QB16,118.8,QB16,125.9,QB16
124,Jalen Coker,WR,CAR,113.4,WR53,119.1,WR53,114.4,WR53
125,Dallas Goedert,TE,PHI,109.6,TE8,120.5,TE11,113.8,TE10
126,Blake Corum,RB,LAR,101.9,RB37,122.6,RB41,115.3,RB41
127,De'Zhaun Stribling,WR,SF,117.0,WR55,124.0,WR54,124.6,WR56
128,New England Defense,DEF,NE,123.3,DEF6,124.9,DEF6,121.8,DEF6
129,Brandon Aubrey,PK,DAL,129.1,PK1,126.4,PK1,129.0,PK3
130,Philadelphia Defense,DEF,PHI,130.4,DEF8,127.1,DEF7,132.2,DEF7
131,Rashid Shaheed,WR,SEA,105.4,WR50,128.1,WR55,117.7,WR54
132,Tyjae Spears,RB,TEN,149.0,RB45,128.5,RB42,144.6,RB45
133,Kyler Murray,QB,MIN,137.0,QB17,128.7,QB17,129.1,QB17
134,Rachaad White,RB,WAS,135.8,RB42,129.6,RB43,128.0,RB42
135,Baker Mayfield,QB,TB,139.9,QB18,130.1,QB18,134.5,QB18
136,Detroit Defense,DEF,DET,128.9,DEF7,130.2,DEF8,133.3,DEF8
137,Jerry Jeudy,WR,CLE,128.3,WR58,130.5,WR56,127.8,WR57
138,Makai Lemon,WR,PHI,121.4,WR56,132.1,WR57,122.7,WR55
139,Mark Andrews,TE,BAL,130.7,TE12,132.5,TE12,135.1,TE13
140,Tre Tucker,WR,LV,127.3,WR57,132.9,WR58,131.0,WR58
141,Jake Ferguson,TE,DAL,147.0,TE16,135.8,TE13,146.5,TE16
142,Isaiah Likely,TE,NYG,132.7,TE13,135.9,TE14,132.8,TE12
143,Keenan Allen,WR,IND,144.5,WR66,136.7,WR59,145.3,WR63
144,Ka'imi Fairbairn,PK,HOU,140.9,PK3,137.7,PK2,128.0,PK2
145,Tyler Shough,QB,NO,146.5,QB20,137.7,QB19,142.2,QB19
146,Pittsburgh Defense,DEF,PIT,139.0,DEF9,139.1,DEF9,137.1,DEF9
147,Denzel Boston,WR,CLE,137.3,WR60,139.1,WR60,137.1,WR61
148,Jordan Love,QB,GB,144.4,QB19,139.5,QB20,142.5,QB20
149,Jason Myers,PK,SEA,137.1,PK2,139.9,PK3,125.1,PK1
150,Jalen McMillan,WR,TB,129.7,WR59,140.4,WR61,132.2,WR59
151,Najee Harris,RB,NYG,,,141.6,RB44,,
152,Woody Marks,RB,HOU,139.4,RB44,141.6,RB45,134.8,RB43
153,LA Chargers Defense,DEF,LAC,149.8,DEF10,143.3,DEF10,144.9,DEF10
154,Jauan Jennings,WR,MIN,141.0,WR63,143.3,WR62,151.4,WR67
155,Sam Darnold,QB,SEA,153.5,QB22,144.3,QB21,152.7,QB21
156,Zach Charbonnet,RB,SEA,139.3,RB43,145.5,RB46,141.7,RB44
157,Dalton Kincaid,TE,BUF,137.9,TE14,145.8,TE15,145.2,TE15
158,Cameron Dicker,PK,LAC,145.2,PK4,145.8,PK4,139.4,PK4
159,Emmett Johnson,RB,KC,155.4,RB52,147.2,RB47,165.4,RB54
160,Jordyn Tyson,WR,NO,,,149.1,WR63,,
161,Harrison Mevis,PK,LAR,146.4,PK5,149.3,PK5,141.1,PK5
162,Fernando Mendoza,QB,LV,,,149.8,QB22,,
163,AJ Barner,TE,SEA,,,149.8,TE16,,
164,Chris Boswell,PK,PIT,,,150.3,PK6,,
165,Jake Bates,PK,DET,150.0,PK6,151.5,PK7,146.5,PK6
166,Zachariah Branch,WR,ATL,,,151.5,WR64,,
167,Harrison Butker,PK,KC,153.5,PK8,151.6,PK8,149.5,PK8
168,Alvin Kamara,RB,NO,162.1,RB54,151.6,RB48,151.9,RB47
169,Mike Washington Jr.,RB,LV,154.8,RB51,151.9,RB49,161.7,RB53
170,Malik Washington,WR,MIA,151.4,WR67,152.0,WR65,148.4,WR64
171,Jordan James,RB,SF,,,152.3,RB50,,
172,Jacksonville Defense,DEF,JAX,150.1,DEF11,152.6,DEF11,157.8,DEF11
173,Calvin Ridley,WR,TEN,138.5,WR61,152.7,WR66,134.6,WR60
174,Juwan Johnson,TE,NO,153.8,TE17,154.1,TE17,149.0,TE17
175,Cam Little,PK,JAX,155.0,PK9,154.4,PK9,156.4,PK10
176,Cyrus Allen,WR,KC,,,154.8,WR67,,
177,Rashod Bateman,WR,BAL,138.8,WR62,155.2,WR68,142.3,WR62
178,Will Reichard,PK,MIN,167.5,PK15,155.4,PK10,148.9,PK7
179,Tyler Allgeier,RB,ARI,159.7,RB53,155.7,RB51,155.9,RB49
180,Nicholas Singleton,RB,TEN,,,156.4,RB52,,
181,Jonah Coleman,RB,DEN,153.6,RB50,156.6,RB53,157.1,RB50
182,Hunter Henry,TE,NE,127.8,TE11,156.8,TE18,158.9,TE18
183,C.J. Stroud,QB,HOU,150.8,QB21,156.9,QB23,161.0,QB23
184,George Holani,RB,SEA,,,157.2,RB54,,
185,Jalen Nailor,WR,LV,143.5,WR64,157.2,WR69,150.3,WR66
186,Chris Rodriguez Jr.,RB,JAX,149.8,RB47,157.3,RB55,157.4,RB51
187,Chase McLaughlin,PK,TB,150.4,PK7,157.4,PK11,150.1,PK9
188,Green Bay Defense,DEF,GB,,,158.1,DEF12,,
189,Daniel Jones,QB,IND,171.9,QB24,158.8,QB24,160.3,QB22
190,Kayshon Boutte,WR,HOU,144.3,WR65,159.2,WR70,150.1,WR65
191,Dallas Defense,DEF,DAL,,,159.2,DEF13,,
192,Dontayvion Wicks,WR,PHI,166.2,WR76,159.4,WR71,165.2,WR72
193,Dylan Sampson,RB,CLE,,,159.9,RB56,175.6,RB57
194,Justice Hill,RB,BAL,,,160.0,RB57,,
195,Eddy Piñeiro,PK,SF,161.5,PK11,160.1,PK12,166.4,PK14
196,Keaton Mitchell,RB,LAC,,,160.2,RB58,148.3,RB46
197,Atlanta Defense,DEF,ATL,171.9,DEF15,160.5,DEF14,162.6,DEF13
198,Brenton Strange,TE,JAX,,,160.7,TE19,160.6,TE19
199,Isiah Pacheco,RB,DET,,,160.7,RB59,,
200,Cooper Kupp,WR,SEA,155.8,WR69,160.7,WR72,155.5,WR68
201,Ja'Kobi Lane,WR,BAL,155.0,WR68,160.9,WR73,157.0,WR69
202,Braelon Allen,RB,NYJ,149.6,RB46,161.1,RB60,155.2,RB48
203,Tyler Bass,PK,BUF,,,161.1,PK13,,
204,Buffalo Defense,DEF,BUF,161.2,DEF13,161.2,DEF15,165.8,DEF14
205,Tank Bigsby,RB,PHI,152.1,RB49,161.3,RB61,167.6,RB56
206,Chicago Defense,DEF,CHI,,,161.3,DEF16,,
207,Kansas City Defense,DEF,KC,,,161.5,DEF17,,
208,Tyrone Tracy Jr.,RB,NYG,150.6,RB48,161.6,RB62,,
209,Wil Lutz,PK,DEN,162.8,PK12,161.6,PK14,172.6,PK16
210,Malik Willis,QB,MIA,163.7,QB23,162.0,QB25,161.4,QB24
211,Devaughn Vele,WR,NO,165.6,WR75,162.8,WR74,,
212,Baltimore Defense,DEF,BAL,155.4,DEF12,162.8,DEF18,160.5,DEF12
213,Cairo Santos,PK,CHI,164.4,PK13,163.4,PK15,160.2,PK11
214,Brian Robinson,RB,ATL,168.9,RB56,163.6,RB63,165.9,RB55
215,Trey Smack,PK,GB,175.0,PK16,164.0,PK16,168.0,PK15
216,Caleb Douglas,WR,MIA,156.3,WR70,164.3,WR75,175.2,WR74
217,Adonai Mitchell,WR,NYJ,160.0,WR73,164.7,WR76,159.8,WR70
218,Germie Bernard,WR,PIT,,,164.8,WR77,,
219,Tyler Loop,PK,BAL,165.0,PK14,164.9,PK17,162.3,PK12
220,Kaelon Black,RB,SF,162.3,RB55,165.1,RB64,160.0,RB52
221,Cleveland Defense,DEF,CLE,171.8,DEF14,165.4,DEF19,173.0,DEF15
222,Samaje Perine,RB,CIN,,,165.6,RB65,,
223,Tank Dell,WR,HOU,,,165.7,WR78,,
224,Terrance Ferguson,TE,LAR,,,165.8,TE20,173.0,TE20
225,Malik Davis,RB,DAL,,,165.9,RB66,,
226,Bryce Young,QB,CAR,,,166.1,QB26,,
227,Odell Beckham Jr.,WR,NYG,,,166.3,WR79,,
228,Andy Borregales,PK,NE,,,166.6,PK18,,
229,Jaylin Noel,WR,HOU,,,166.7,WR80,,
230,Ryan Flournoy,WR,DAL,166.3,WR77,166.8,WR81,166.7,WR73
231,Evan McPherson,PK,CIN,158.5,PK10,167.4,PK19,164.9,PK13
232,T.J. Hockenson,TE,MIN,,,167.5,TE21,139.2,TE14
233,Chris Bell,WR,MIA,,,167.6,WR82,160.2,WR71
234,Travis Hunter,WR,JAX,159.8,WR72,167.9,WR83,,
235,NY Jets Defense,DEF,NYJ,,,168.9,DEF20,,
236,Kenyon Sadiq,TE,NYJ,,,169.6,TE22,,
237,NY Giants Defense,DEF,NYG,,,169.7,DEF21,,
238,Greg Dulcich,TE,MIA,,,169.9,TE23,,
239,Malachi Fields,WR,NYG,159.1,WR71,170.5,WR84,,
240,Cam Ward,QB,TEN,,,171.6,QB27,,
241,Isaac TeSlaa,WR,DET,,,172.9,WR85,182.4,WR75
242,Jacoby Brissett,QB,ARI,,,174.4,QB28,172.1,QB25
243,Jake Elliott,PK,PHI,,,174.5,PK20,,
244,Troy Franklin,WR,DEN,,,177.1,WR86,,
245,Chig Okonkwo,TE,WAS,,,177.6,TE24,,
246,Ray Davis,RB,BUF,,,177.6,RB67,,
247,Dalton Schultz,TE,HOU,,,180.0,TE25,,
248,Aaron Rodgers,QB,PIT,,,181.0,QB29,,
249,Tennessee Defense,DEF,TEN,,,181.1,DEF22,180.8,DEF16
250,Tampa Bay Defense,DEF,TB,,,182.6,DEF23,,
