player,team,position,games_played,standard_points,half_ppr_points,ppr_points,standard_ppg,standard_pos_rank,standard_ppg_pos_rank,half_ppr_ppg,half_ppr_pos_rank,half_ppr_ppg_pos_rank,ppr_ppg,ppr_pos_rank,ppr_ppg_pos_rank,join_name,join_team
A.J. Brown,NE,WR,1,2.6,4.1,5.6,2.6,72,72,4.1,68,68,5.6,66,66,aj brown,NE
AJ Barner,SEA,TE,1,1.3,2.3,3.3,1.3,41,41,2.3,39,39,3.3,39,39,aj barner,SEA
AJ Dillon,CAR,RB,1,2.8,2.8,2.8,2.8,51,51,2.8,58,58,2.8,59,59,aj dillon,CAR
Aaron Jones,MIN,RB,1,10.0,10.0,10.0,10.0,20,20,10.0,24,24,10.0,26,26,aaron jones,MIN
Aaron Rodgers,PIT,QB,1,12.54,12.54,12.54,12.54,24,24,12.54,24,24,12.54,24,24,aaron rodgers,PIT
Adam Trautman,DEN,TE,1,1.0,2.0,3.0,1.0,47,47,2.0,43,43,3.0,42,42,adam trautman,DEN
Adonai Mitchell,NYJ,WR,1,6.0,7.5,9.0,6.0,37,37,7.5,38,38,9.0,40,40,adonai mitchell,NYJ
Alec Pierce,IND,WR,1,6.1,8.1,10.1,6.1,35,35,8.1,34,34,10.1,34,34,alec pierce,IND
Ameer Abdullah,JAX,RB,1,3.2,3.7,4.2,3.2,47,47,3.7,46,46,4.2,46,46,ameer abdullah,JAX
Amon-Ra St. Brown,DET,WR,1,18.7,23.7,28.7,18.7,5,5,23.7,4,4,28.7,4,4,amon ra st brown,DET
Andrei Iosivas,CIN,WR,1,1.2,2.2,3.2,1.2,88,88,2.2,88,88,3.2,86,86,andrei iosivas,CIN
Andrew Ogletree,IND,TE,1,0.0,0.0,0.0,0.0,61,61,0.0,64,64,0.0,64,64,andrew ogletree,IND
Antonio Williams,WAS,WR,1,12.4,14.399999999999999,16.4,12.4,14,14,14.399999999999999,14,14,16.4,15,15,antonio williams,WAS
Arian Smith,NYJ,WR,1,0.0,0.0,0.0,0.0,106,106,0.0,108,108,0.0,108,108,arian smith,NYJ
Ashton Dulin,IND,WR,1,0.0,0.0,0.0,0.0,107,107,0.0,109,109,0.0,109,109,ashton dulin,IND
Ashton Jeanty,LV,RB,1,26.7,29.700000000000003,32.7,26.7,5,5,29.700000000000003,5,5,32.7,4,4,ashton jeanty,LV
Baker Mayfield,TB,QB,1,11.64,11.64,11.64,11.64,26,26,11.64,26,26,11.64,26,26,baker mayfield,TB
Barion Brown,NO,WR,1,0.3,0.3,0.3,0.3,103,103,0.3,107,107,0.3,107,107,barion brown,NO
Bauer Sharp,TB,TE,1,0.0,0.0,0.0,0.0,62,62,0.0,65,65,0.0,65,65,bauer sharp,TB
Ben VanSumeren,KC,RB,1,0.0,0.0,0.0,0.0,75,75,0.0,76,76,0.0,76,76,ben vansumeren,KC
Bhayshul Tuten,JAX,RB,1,8.8,9.3,9.8,8.8,24,24,9.3,25,25,9.8,28,28,bhayshul tuten,JAX
Bijan Robinson,ATL,RB,1,23.3,27.3,31.3,23.3,7,7,27.3,7,7,31.3,6,6,bijan robinson,ATL
Blake Corum,LA,RB,1,5.4,5.4,5.4,5.4,36,36,5.4,40,40,5.4,41,41,blake corum,LA
Blake Whiteheart,CLE,TE,1,1.4,1.9,2.4,1.4,39,39,1.9,44,44,2.4,45,45,blake whiteheart,CLE
Bo Melton,GB,WR,1,1.0,1.5,2.0,1.0,93,93,1.5,93,93,2.0,94,94,bo melton,GB
Bo Nix,DEN,QB,1,5.44,5.44,5.44,5.44,31,31,5.44,31,31,5.44,31,31,bo nix,DEN
Brady Russell,SEA,RB,1,2.0,3.0,4.0,2.0,59,59,3.0,54,54,4.0,49,49,brady russell,SEA
Braelon Allen,NYJ,RB,1,4.0,4.0,4.0,4.0,42,42,4.0,44,44,4.0,50,50,braelon allen,NYJ
Braxton Berrios,NYG,WR,1,0.0,0.0,0.0,0.0,108,108,0.0,110,110,0.0,110,110,braxton berrios,NYG
Breece Hall,NYJ,RB,1,17.8,18.8,19.8,17.8,12,12,18.8,12,12,19.8,13,13,breece hall,NYJ
Brenton Strange,JAX,TE,1,8.3,9.3,10.3,8.3,13,13,9.3,13,13,10.3,14,14,brenton strange,JAX
Brevyn Spann-Ford,DAL,TE,1,1.4,2.4,3.4,1.4,40,40,2.4,38,38,3.4,38,38,brevyn spann ford,DAL
Brian Robinson,ATL,RB,1,3.1,3.1,3.1,3.1,48,48,3.1,52,52,3.1,55,55,brian robinson,ATL
Brian Thomas Jr.,JAX,WR,1,4.0,5.5,7.0,4.0,53,53,5.5,58,58,7.0,57,57,brian thomas,JAX
Britain Covey,PHI,WR,1,0.0,0.0,0.0,0.0,109,109,0.0,111,111,0.0,111,111,britain covey,PHI
Brock Purdy,SF,QB,1,21.1,21.1,21.1,21.1,10,10,21.1,10,10,21.1,10,10,brock purdy,SF
Brock Wright,DET,TE,1,0.5,1.0,1.5,0.5,56,56,1.0,56,56,1.5,57,57,brock wright,DET
Bryce Lance,NO,WR,1,4.2,5.7,7.2,4.2,51,51,5.7,57,57,7.2,54,54,bryce lance,NO
Bryce Young,CAR,QB,1,31.44,31.44,31.44,31.44,3,3,31.44,3,3,31.44,3,3,bryce young,CAR
Brycen Tremayne,CAR,WR,1,0.0,0.0,0.0,0.0,110,110,0.0,112,112,0.0,112,112,brycen tremayne,CAR
Bucky Irving,TB,RB,1,13.3,16.8,20.3,13.3,15,15,16.8,13,13,20.3,12,12,bucky irving,TB
C.J. Stroud,HOU,QB,1,16.46,16.46,16.46,16.46,16,16,16.46,16,16,16.46,16,16,cj stroud,HOU
CJ Donaldson,NO,RB,1,0.2,0.7,1.2,0.2,73,73,0.7,67,67,1.2,65,65,cj donaldson,NO
Cade Otton,TB,TE,1,2.6,4.1,5.6,2.6,27,27,4.1,26,26,5.6,25,25,cade otton,TB
Cade Stover,HOU,TE,1,-0.2,0.30000000000000004,0.8,-0.2,78,78,0.30000000000000004,62,62,0.8,63,63,cade stover,HOU
Caleb Douglas,MIA,WR,1,9.4,11.9,14.4,9.4,23,23,11.9,23,23,14.4,22,22,caleb douglas,MIA
Caleb Williams,CHI,QB,1,37.26,37.26,37.26,37.26,1,1,37.26,1,1,37.26,1,1,caleb williams,CHI
Cam Skattebo,NYG,RB,1,14.1,14.1,14.1,14.1,13,13,14.1,15,15,14.1,18,18,cam skattebo,NYG
Cam Ward,TEN,QB,1,11.7,11.7,11.7,11.7,25,25,11.7,25,25,11.7,25,25,cam ward,TEN
Carnell Tate,TEN,WR,1,3.8,5.8,7.8,3.8,55,55,5.8,54,54,7.8,51,51,carnell tate,TEN
Carsen Ryan,CLE,TE,1,0.0,0.0,0.0,0.0,63,63,0.0,66,66,0.0,66,66,carsen ryan,CLE
Carson Wentz,MIN,QB,1,19.22,19.22,19.22,19.22,12,12,19.22,12,12,19.22,12,12,carson wentz,MIN
CeeDee Lamb,DAL,WR,1,10.4,12.9,15.4,10.4,20,20,12.9,18,18,15.4,20,20,ceedee lamb,DAL
Charlie Kolar,LAC,TE,1,0.0,0.0,0.0,0.0,64,64,0.0,67,67,0.0,67,67,charlie kolar,LAC
Chase Brown,CIN,RB,1,13.8,16.3,18.8,13.8,14,14,16.3,14,14,18.8,14,14,chase brown,CIN
Chig Okonkwo,WAS,TE,1,1.6,2.6,3.6,1.6,36,36,2.6,36,36,3.6,36,36,chig okonkwo,WAS
Chimere Dike,TEN,WR,1,0.7,1.2,1.7,0.7,97,97,1.2,97,97,1.7,98,98,chimere dike,TEN
Chris Bell,MIA,WR,1,2.5,3.0,3.5,2.5,76,76,3.0,82,82,3.5,83,83,chris bell,MIA
Chris Blair,ATL,WR,1,0.0,0.0,0.0,0.0,111,111,0.0,113,113,0.0,113,113,chris blair,ATL
Chris Brooks,GB,RB,1,2.9,2.9,2.9,2.9,49,49,2.9,55,55,2.9,56,56,chris brooks,GB
Chris Godwin Jr.,TB,WR,1,4.3,6.300000000000001,8.3,4.3,50,50,6.300000000000001,47,47,8.3,46,46,chris godwin,TB
Chris Moore,BAL,WR,1,5.3,5.8,6.3,5.3,42,42,5.8,55,55,6.3,60,60,chris moore,BAL
Chris Olave,NO,WR,1,18.2,23.2,28.2,18.2,6,6,23.2,6,6,28.2,5,5,chris olave,NO
Chris Rodriguez Jr.,JAX,RB,1,2.3,2.3,2.3,2.3,57,57,2.3,59,59,2.3,62,62,chris rodriguez,JAX
Christian McCaffrey,SF,RB,1,8.8,11.3,13.8,8.8,25,25,11.3,22,22,13.8,19,19,christian mccaffrey,SF
Christian Watson,GB,WR,1,26.7,29.700000000000003,32.7,26.7,1,1,29.700000000000003,2,2,32.7,2,2,christian watson,GB
Chuba Hubbard,CAR,RB,1,20.7,22.2,23.7,20.7,9,9,22.2,9,9,23.7,10,10,chuba hubbard,CAR
Cody White,LV,WR,1,0.0,0.0,0.0,0.0,112,112,0.0,114,114,0.0,114,114,cody white,LV
Colby Parkinson,LA,TE,1,0.6,1.1,1.6,0.6,54,54,1.1,55,55,1.6,56,56,colby parkinson,LA
Cole Kmet,CHI,TE,1,9.5,10.5,11.5,9.5,10,10,10.5,11,11,11.5,11,11,cole kmet,CHI
Colson Yankoff,WAS,TE,1,0.0,0.0,0.0,0.0,65,65,0.0,68,68,0.0,68,68,colson yankoff,WAS
Colston Loveland,CHI,TE,1,0.0,0.0,0.0,0.0,66,66,0.0,69,69,0.0,69,69,colston loveland,CHI
Cooper Kupp,SEA,WR,1,3.5,4.5,5.5,3.5,60,60,4.5,63,63,5.5,69,69,cooper kupp,SEA
Cooper Rush,ATL,QB,1,5.72,5.72,5.72,5.72,30,30,5.72,30,30,5.72,30,30,cooper rush,ATL
Corey Kiner,NE,RB,1,1.1,1.1,1.1,1.1,64,64,1.1,65,65,1.1,66,66,corey kiner,NE
Courtland Sutton,DEN,WR,1,1.1,2.1,3.1,1.1,91,91,2.1,90,90,3.1,88,88,courtland sutton,DEN
Cyrus Allen,KC,WR,1,0.0,0.0,0.0,0.0,113,113,0.0,115,115,0.0,115,115,cyrus allen,KC
D'Andre Swift,CHI,RB,1,31.4,31.9,32.4,31.4,2,2,31.9,3,3,32.4,5,5,dandre swift,CHI
DJ Moore,BUF,WR,1,16.0,18.5,21.0,16.0,8,8,18.5,8,8,21.0,9,9,dj moore,BUF
DK Metcalf,PIT,WR,1,4.0,6.0,8.0,4.0,54,54,6.0,53,53,8.0,50,50,dk metcalf,PIT
Dak Prescott,DAL,QB,1,14.4,14.4,14.4,14.4,18,18,14.4,18,18,14.4,18,18,dak prescott,DAL
Dallas Goedert,PHI,TE,1,19.7,21.7,23.7,19.7,2,2,21.7,2,2,23.7,3,3,dallas goedert,PHI
Dalton Kincaid,BUF,TE,1,13.0,15.5,18.0,13.0,5,5,15.5,5,5,18.0,5,5,dalton kincaid,BUF
Dalton Schultz,HOU,TE,1,3.5,5.5,7.5,3.5,22,22,5.5,23,23,7.5,21,21,dalton schultz,HOU
Daniel Bellinger,TEN,TE,1,0.7,1.2,1.7,0.7,52,52,1.2,53,53,1.7,54,54,daniel bellinger,TEN
Daniel Jones,IND,QB,1,9.04,9.04,9.04,9.04,29,29,9.04,29,29,9.04,29,29,daniel jones,IND
Dareke Young,LV,WR,1,0.0,0.0,0.0,0.0,114,114,0.0,116,116,0.0,116,116,dareke young,LV
Darius Cooper,PHI,WR,1,0.0,0.0,0.0,0.0,115,115,0.0,117,117,0.0,117,117,darius cooper,PHI
Darnell Mooney,NYG,WR,1,2.7,3.7,4.7,2.7,69,69,3.7,72,72,4.7,74,74,darnell mooney,NYG
Darnell Washington,PIT,TE,1,1.8,2.8,3.8,1.8,34,34,2.8,34,34,3.8,34,34,darnell washington,PIT
Darren Waller,CAR,TE,1,2.8,3.8,4.8,2.8,25,25,3.8,29,29,4.8,30,30,darren waller,CAR
Davante Adams,LA,WR,1,2.6,4.1,5.6,2.6,73,73,4.1,69,69,5.6,67,67,davante adams,LA
David Montgomery,HOU,RB,1,25.9,27.4,28.9,25.9,6,6,27.4,6,6,28.9,7,7,david montgomery,HOU
David Njoku,LAC,TE,1,5.8,8.3,10.8,5.8,18,18,8.3,16,16,10.8,13,13,david njoku,LAC
Davis Allen,LA,TE,1,1.3,1.7999999999999998,2.3,1.3,42,42,1.7999999999999998,45,45,2.3,46,46,davis allen,LA
Dawson Knox,BUF,TE,1,0.7,1.2,1.7,0.7,53,53,1.2,54,54,1.7,55,55,dawson knox,BUF
De'Von Achane,MIA,RB,1,6.6,8.6,10.6,6.6,33,33,8.6,27,27,10.6,24,24,devon achane,MIA
DeMario Douglas,NE,WR,1,2.0,4.5,7.0,2.0,80,80,4.5,64,64,7.0,58,58,demario douglas,NE
DeVonta Smith,PHI,WR,1,5.3,6.800000000000001,8.3,5.3,43,43,6.800000000000001,44,44,8.3,47,47,devonta smith,PHI
DeeJay Dallas,MIN,RB,1,0.1,0.6000000000000001,1.1,0.1,74,74,0.6000000000000001,70,70,1.1,67,67,deejay dallas,MIN
Deebo Samuel Sr.,SF,WR,1,12.0,15.0,18.0,12.0,15,15,15.0,13,13,18.0,13,13,deebo samuel,SF
Demarcus Robinson,SF,WR,1,11.0,12.0,13.0,11.0,18,18,12.0,22,22,13.0,25,25,demarcus robinson,SF
Denzel Boston,CLE,WR,1,11.9,12.9,13.9,11.9,16,16,12.9,19,19,13.9,23,23,denzel boston,CLE
Derius Davis,LAC,WR,1,0.0,0.0,0.0,0.0,116,116,0.0,118,118,0.0,118,118,derius davis,LAC
Derrick Henry,BAL,RB,1,34.3,34.8,35.3,34.3,1,1,34.8,1,1,35.3,1,1,derrick henry,BAL
Deshaun Watson,CLE,QB,1,14.0,14.0,14.0,14.0,20,20,14.0,20,20,14.0,20,20,deshaun watson,CLE
Devaughn Vele,NO,WR,1,12.9,16.4,19.9,12.9,13,13,16.4,12,12,19.9,10,10,devaughn vele,NO
Devin Duvernay,ARI,WR,1,0.0,0.0,0.0,0.0,117,117,0.0,119,119,0.0,119,119,devin duvernay,ARI
Devin Singletary,NYG,RB,1,9.8,11.8,13.8,9.8,21,21,11.8,21,21,13.8,20,20,devin singletary,NYG
Dohnte Meyers,CIN,WR,1,2.8,3.3,3.8,2.8,67,67,3.3,79,79,3.8,81,81,dohnte meyers,CIN
Dontayvion Wicks,PHI,WR,1,13.3,14.3,15.3,13.3,12,12,14.3,15,15,15.3,21,21,dontayvion wicks,PHI
Drake London,ATL,WR,1,3.5,4.5,5.5,3.5,61,61,4.5,65,65,5.5,70,70,drake london,ATL
Drake Maye,NE,QB,1,9.82,9.82,9.82,9.82,27,27,9.82,27,27,9.82,27,27,drake maye,NE
Drew Lock,SEA,QB,1,12.78,12.78,12.78,12.78,23,23,12.78,23,23,12.78,23,23,drew lock,SEA
Drew Sample,CIN,TE,1,1.9,3.4000000000000004,4.9,1.9,32,32,3.4000000000000004,30,30,4.9,29,29,drew sample,CIN
Durham Smythe,BAL,TE,1,0.4,0.8999999999999999,1.4,0.4,58,58,0.8999999999999999,58,58,1.4,59,59,durham smythe,BAL
Dyami Brown,WAS,WR,1,0.0,0.0,0.0,0.0,118,118,0.0,120,120,0.0,120,120,dyami brown,WAS
Dylan Laube,LV,RB,1,0.0,0.0,0.0,0.0,76,76,0.0,77,77,0.0,77,77,dylan laube,LV
Dylan Sampson,CLE,RB,1,0.0,0.0,0.0,0.0,77,77,0.0,78,78,0.0,78,78,dylan sampson,CLE
Eli Heidenreich,PIT,RB,1,0.0,0.0,0.0,0.0,78,78,0.0,79,79,0.0,79,79,eli heidenreich,PIT
Eli Raridon,NE,TE,1,6.2,6.7,7.2,6.2,17,17,6.7,20,20,7.2,22,22,eli raridon,NE
Elic Ayomanor,TEN,WR,1,7.1,7.6,8.1,7.1,32,32,7.6,37,37,8.1,49,49,elic ayomanor,TEN
Emanuel Wilson,SEA,RB,1,0.3,0.3,0.3,0.3,69,69,0.3,72,72,0.3,72,72,emanuel wilson,SEA
Emari Demercado,DAL,RB,1,0.7,0.7,0.7,0.7,67,67,0.7,68,68,0.7,70,70,emari demercado,DAL
Emeka Egbuka,TB,WR,1,6.3,8.8,11.3,6.3,34,34,8.8,33,33,11.3,29,29,emeka egbuka,TB
Emmett Johnson,KC,RB,1,6.8,7.800000000000001,8.8,6.8,32,32,7.800000000000001,32,32,8.8,32,32,emmett johnson,KC
Eric Saubert,SEA,TE,1,0.0,0.0,0.0,0.0,67,67,0.0,70,70,0.0,70,70,eric saubert,SEA
Evan Engram,DEN,TE,1,10.3,12.3,14.3,10.3,8,8,12.3,8,8,14.3,8,8,evan engram,DEN
Feleipe Franks,CAR,TE,1,0.0,0.0,0.0,0.0,68,68,0.0,71,71,0.0,71,71,feleipe franks,CAR
Foster Moreau,HOU,TE,1,1.5,2.5,3.5,1.5,38,38,2.5,37,37,3.5,37,37,foster moreau,HOU
Frank Gore Jr.,BUF,RB,1,0.3,0.3,0.3,0.3,70,70,0.3,73,73,0.3,73,73,frank gore,BUF
Garrett Wilson,NYJ,WR,1,7.9,10.9,13.9,7.9,28,28,10.9,26,26,13.9,24,24,garrett wilson,NYJ
Geno Smith,NYJ,QB,1,9.3,9.3,9.3,9.3,28,28,9.3,28,28,9.3,28,28,geno smith,NYJ
George Holani,SEA,RB,1,2.9,2.9,2.9,2.9,50,50,2.9,56,56,2.9,57,57,george holani,SEA
George Kittle,SF,TE,1,1.2,2.2,3.2,1.2,45,45,2.2,41,41,3.2,41,41,george kittle,SF
George Pickens,DAL,WR,1,2.8,4.3,5.8,2.8,68,68,4.3,66,66,5.8,63,63,george pickens,DAL
Greg Dortch,BUF,WR,1,0.0,0.0,0.0,0.0,119,119,0.0,121,121,0.0,121,121,greg dortch,BUF
Greg Dulcich,MIA,TE,1,1.8,2.8,3.8,1.8,35,35,2.8,35,35,3.8,35,35,greg dulcich,MIA
Gunnar Helm,TEN,TE,1,2.8,4.8,6.8,2.8,26,26,4.8,24,24,6.8,24,24,gunnar helm,TEN
Harold Fannin Jr.,CLE,TE,1,2.1,3.0999999999999996,4.1,2.1,31,31,3.0999999999999996,32,32,4.1,32,32,harold fannin,CLE
Hunter Henry,NE,TE,1,2.6,4.1,5.6,2.6,28,28,4.1,27,27,5.6,26,26,hunter henry,NE
Hunter Long,ARI,TE,1,0.0,0.0,0.0,0.0,69,69,0.0,72,72,0.0,72,72,hunter long,ARI
Hunter Luepke,DAL,RB,1,0.7,0.7,0.7,0.7,68,68,0.7,69,69,0.7,71,71,hunter luepke,DAL
Isaac TeSlaa,DET,WR,1,0.0,0.0,0.0,0.0,120,120,0.0,122,122,0.0,122,122,isaac teslaa,DET
Isaiah Likely,NYG,TE,1,19.8,23.8,27.8,19.8,1,1,23.8,1,1,27.8,1,1,isaiah likely,NYG
Isaiah Williams,NYJ,WR,1,0.7,1.2,1.7,0.7,98,98,1.2,98,98,1.7,99,99,isaiah williams,NYJ
J.K. Dobbins,DEN,RB,1,3.6,3.6,3.6,3.6,45,45,3.6,49,49,3.6,53,53,jk dobbins,DEN
Ja'Kobi Lane,BAL,WR,1,1.1,1.6,2.1,1.1,92,92,1.6,92,92,2.1,93,93,jakobi lane,BAL
Ja'Marr Chase,CIN,WR,1,1.2,2.2,3.2,1.2,89,89,2.2,89,89,3.2,87,87,jamarr chase,CIN
Jack Bech,LV,WR,1,8.3,9.8,11.3,8.3,26,26,9.8,30,30,11.3,30,30,jack bech,LV
Jacob Cowing,SF,WR,1,0.0,0.0,0.0,0.0,121,121,0.0,123,123,0.0,123,123,jacob cowing,SF
Jacob Saylors,DET,RB,1,0.0,0.0,0.0,0.0,79,79,0.0,80,80,0.0,80,80,jacob saylors,DET
Jacoby Brissett,ARI,QB,1,16.48,16.48,16.48,16.48,15,15,16.48,15,15,16.48,15,15,jacoby brissett,ARI
Jacory Croskey-Merritt,WAS,RB,1,11.6,12.1,12.6,11.6,18,18,12.1,17,17,12.6,22,22,jacory croskey merritt,WAS
Jadarian Price,SEA,RB,1,5.8,6.8,7.8,5.8,35,35,6.8,35,35,7.8,37,37,jadarian price,SEA
Jahan Dotson,ATL,WR,1,1.9,2.4,2.9,1.9,83,83,2.4,86,86,2.9,90,90,jahan dotson,ATL
Jahdae Walker,CHI,WR,1,6.1,6.6,7.1,6.1,36,36,6.6,45,45,7.1,56,56,jahdae walker,CHI
Jahmyr Gibbs,DET,RB,1,28.6,31.1,33.6,28.6,4,4,31.1,4,4,33.6,3,3,jahmyr gibbs,DET
Jake Briningstool,KC,TE,1,0.9,1.4,1.9,0.9,48,48,1.4,49,49,1.9,49,49,jake briningstool,KC
Jake Ferguson,DAL,TE,1,0.6,1.6,2.6,0.6,55,55,1.6,48,48,2.6,43,43,jake ferguson,DAL
Jakobi Meyers,JAX,WR,1,10.2,11.2,12.2,10.2,21,21,11.2,25,25,12.2,28,28,jakobi meyers,JAX
Jalen Coker,CAR,WR,1,25.8,29.799999999999997,33.8,25.8,2,2,29.799999999999997,1,1,33.8,1,1,jalen coker,CAR
Jalen Hurts,PHI,QB,1,24.72,24.72,24.72,24.72,7,7,24.72,7,7,24.72,7,7,jalen hurts,PHI
Jalen Nailor,LV,WR,1,2.7,4.2,5.7,2.7,70,70,4.2,67,67,5.7,64,64,jalen nailor,LV
Jalen Royals,KC,WR,1,0.0,0.0,0.0,0.0,122,122,0.0,124,124,0.0,124,124,jalen royals,KC
James Cook,BUF,RB,1,6.9,8.4,9.9,6.9,31,31,8.4,29,29,9.9,27,27,james cook,BUF
Jameson Williams,DET,WR,1,4.5,6.5,8.5,4.5,48,48,6.5,46,46,8.5,45,45,jameson williams,DET
Jared Goff,DET,QB,1,16.44,16.44,16.44,16.44,17,17,16.44,17,17,16.44,17,17,jared goff,DET
Jared Wayne,HOU,WR,1,1.2,1.7000000000000002,2.2,1.2,90,90,1.7000000000000002,91,91,2.2,92,92,jared wayne,HOU
Jauan Jennings,MIN,WR,1,0.0,0.0,0.0,0.0,123,123,0.0,125,125,0.0,125,125,jauan jennings,MIN
Javonte Williams,DAL,RB,1,19.2,21.7,24.2,19.2,10,10,21.7,10,10,24.2,9,9,javonte williams,DAL
Jaxon Smith-Njigba,SEA,WR,1,18.2,22.2,26.2,18.2,7,7,22.2,7,7,26.2,6,6,jaxon smith njigba,SEA
Jaxson Dart,NYG,QB,1,26.6,26.6,26.6,26.6,4,4,26.6,4,4,26.6,4,4,jaxson dart,NYG
Jayden Daniels,WAS,QB,1,17.66,17.66,17.66,17.66,13,13,17.66,13,13,17.66,13,13,jayden daniels,WAS
Jayden Reed,GB,WR,1,2.0,3.5,5.0,2.0,81,81,3.5,75,75,5.0,71,71,jayden reed,GB
Jaylen Waddle,DEN,WR,1,0.2,0.7,1.2,0.2,104,104,0.7,103,103,1.2,103,103,jaylen waddle,DEN
Jaylen Warren,PIT,RB,1,5.3,7.800000000000001,10.3,5.3,37,37,7.800000000000001,33,33,10.3,25,25,jaylen warren,PIT
Jaylen Wright,MIA,RB,1,-0.1,-0.1,-0.1,-0.1,88,88,-0.1,88,88,-0.1,88,88,jaylen wright,MIA
Jaylin Lane,WAS,WR,1,0.4,0.8999999999999999,1.4,0.4,101,101,0.8999999999999999,101,101,1.4,101,101,jaylin lane,WAS
Jaylin Noel,HOU,WR,1,5.3,6.3,7.3,5.3,44,44,6.3,49,49,7.3,53,53,jaylin noel,HOU
Jeremiyah Love,ARI,RB,1,11.0,12.0,13.0,11.0,19,19,12.0,18,18,13.0,21,21,jeremiyah love,ARI
Jeremy Ruckert,NYJ,TE,1,0.4,0.8999999999999999,1.4,0.4,59,59,0.8999999999999999,59,59,1.4,60,60,jeremy ruckert,NYJ
Jerry Jeudy,CLE,WR,1,2.6,3.5999999999999996,4.6,2.6,74,74,3.5999999999999996,74,74,4.6,76,76,jerry jeudy,CLE
Jimmy Horn Jr.,CAR,WR,1,0.0,0.0,0.0,0.0,124,124,0.0,126,126,0.0,126,126,jimmy horn,CAR
Joe Burrow,CIN,QB,1,14.16,14.16,14.16,14.16,19,19,14.16,19,19,14.16,19,19,joe burrow,CIN
John Bates,WAS,TE,1,1.3,2.3,3.3,1.3,43,43,2.3,40,40,3.3,40,40,john bates,WAS
Jonah Coleman,DEN,RB,1,0.0,0.0,0.0,0.0,80,80,0.0,81,81,0.0,81,81,jonah coleman,DEN
Jonathan Mingo,DAL,WR,1,1.0,1.5,2.0,1.0,94,94,1.5,94,94,2.0,95,95,jonathan mingo,DAL
Jonathan Taylor,IND,RB,1,22.1,23.6,25.1,22.1,8,8,23.6,8,8,25.1,8,8,jonathan taylor,IND
Jonathon Brooks,CAR,RB,1,6.2,6.7,7.2,6.2,34,34,6.7,36,36,7.2,38,38,jonathon brooks,CAR
Jonnu Smith,GB,TE,1,5.0,6.0,7.0,5.0,19,19,6.0,22,22,7.0,23,23,jonnu smith,GB
Jordan Addison,MIN,WR,1,0.0,0.0,0.0,0.0,125,125,0.0,127,127,0.0,127,127,jordan addison,MIN
Jordan Love,GB,QB,1,19.48,19.48,19.48,19.48,11,11,19.48,11,11,19.48,11,11,jordan love,GB
Jordan Mason,MIN,RB,1,11.9,11.9,11.9,11.9,17,17,11.9,20,20,11.9,23,23,jordan mason,MIN
Jordan Whittington,LA,WR,1,0.8,1.3,1.8,0.8,95,95,1.3,95,95,1.8,96,96,jordan whittington,LA
Josh Allen,BUF,QB,1,35.66,35.66,35.66,35.66,2,2,35.66,2,2,35.66,2,2,josh allen,BUF
Josh Cameron,JAX,WR,1,8.0,9.0,10.0,8.0,27,27,9.0,31,31,10.0,35,35,josh cameron,JAX
Josh Downs,IND,WR,1,3.7,4.7,5.7,3.7,58,58,4.7,61,61,5.7,65,65,josh downs,IND
Josh Oliver,MIN,TE,1,2.2,3.2,4.2,2.2,30,30,3.2,31,31,4.2,31,31,josh oliver,MIN
Josh Palmer,BUF,WR,1,9.4,9.9,10.4,9.4,24,24,9.9,27,27,10.4,33,33,josh palmer,BUF
Josh Williams,TB,RB,1,0.0,0.0,0.0,0.0,81,81,0.0,82,82,0.0,82,82,josh williams,TB
Justice Hill,BAL,RB,1,2.8,3.3,3.8,2.8,52,52,3.3,51,51,3.8,51,51,justice hill,BAL
Justin Herbert,LAC,QB,1,13.26,13.26,13.26,13.26,22,22,13.26,22,22,13.26,22,22,justin herbert,LAC
Justin Jefferson,MIN,WR,1,23.2,27.2,31.2,23.2,3,3,27.2,3,3,31.2,3,3,justin jefferson,MIN
Juwan Johnson,NO,TE,1,11.4,12.9,14.4,11.4,6,6,12.9,7,7,14.4,7,7,juwan johnson,NO
KC Concepcion,CLE,WR,1,3.8,5.8,7.8,3.8,56,56,5.8,56,56,7.8,52,52,kc concepcion,CLE
KaVontae Turpin,DAL,WR,1,0.8,1.3,1.8,0.8,96,96,1.3,96,96,1.8,97,97,kavontae turpin,DAL
Kaden Davis,CHI,WR,1,0.0,0.0,0.0,0.0,126,126,0.0,128,128,0.0,128,128,kaden davis,CHI
Kaden Wetjen,PIT,WR,1,0.0,0.0,0.0,0.0,127,127,0.0,129,129,0.0,129,129,kaden wetjen,PIT
Kaelon Black,SF,RB,1,7.0,7.5,8.0,7.0,29,29,7.5,34,34,8.0,35,35,kaelon black,SF
Kaleb Johnson,GB,RB,1,0.0,0.0,0.0,0.0,82,82,0.0,83,83,0.0,83,83,kaleb johnson,GB
Kalif Raymond,CHI,WR,1,8.4,12.399999999999999,16.4,8.4,25,25,12.399999999999999,21,21,16.4,16,16,kalif raymond,CHI
Kameron Johnson,TB,WR,1,0.0,0.0,0.0,0.0,128,128,0.0,130,130,0.0,130,130,kameron johnson,TB
Kayshon Boutte,HOU,WR,1,2.1,2.6,3.1,2.1,79,79,2.6,84,84,3.1,89,89,kayshon boutte,HOU
Kaytron Allen,WAS,RB,1,1.6,1.6,1.6,1.6,62,62,1.6,64,64,1.6,64,64,kaytron allen,WAS
Keaton Mitchell,LAC,RB,1,0.9,0.9,0.9,0.9,65,65,0.9,66,66,0.9,69,69,keaton mitchell,LAC
Keenan Allen,IND,WR,1,3.2,6.199999999999999,9.2,3.2,64,64,6.199999999999999,51,51,9.2,38,38,keenan allen,IND
Keleki Latu,BUF,TE,1,0.0,0.0,0.0,0.0,70,70,0.0,73,73,0.0,73,73,keleki latu,BUF
Kendre Miller,NO,RB,1,9.0,9.0,9.0,9.0,23,23,9.0,26,26,9.0,29,29,kendre miller,NO
Kendrick Bourne,ARI,WR,1,7.5,11.5,15.5,7.5,30,30,11.5,24,24,15.5,17,17,kendrick bourne,ARI
Kenneth Walker III,KC,RB,1,31.1,32.6,34.1,31.1,3,3,32.6,2,2,34.1,2,2,kenneth walker,KC
Kenny Gainwell,TB,RB,1,1.8,2.3,2.8,1.8,60,60,2.3,60,60,2.8,60,60,kenny gainwell,TB
Kenny Pickett,CAR,QB,1,2.4,2.4,2.4,2.4,33,33,2.4,33,33,2.4,33,33,kenny pickett,CAR
Kenyon Sadiq,NYJ,TE,1,8.4,9.9,11.4,8.4,12,12,9.9,12,12,11.4,12,12,kenyon sadiq,NYJ
Keon Coleman,BUF,WR,1,0.1,0.6000000000000001,1.1,0.1,105,105,0.6000000000000001,104,104,1.1,104,104,keon coleman,BUF
Kevin Coleman Jr.,MIA,WR,1,0.0,0.0,0.0,0.0,129,129,0.0,131,131,0.0,131,131,kevin coleman,MIA
KhaDarel Hodge,SF,WR,1,0.0,0.0,0.0,0.0,130,130,0.0,132,132,0.0,132,132,khadarel hodge,SF
Khalil Shakir,BUF,WR,1,5.0,7.0,9.0,5.0,47,47,7.0,42,42,9.0,41,41,khalil shakir,BUF
Kirk Cousins,LV,QB,1,13.8,13.8,13.8,13.8,21,21,13.8,21,21,13.8,21,21,kirk cousins,LV
Konata Mumpfield,LA,WR,1,0.0,0.0,0.0,0.0,131,131,0.0,133,133,0.0,133,133,konata mumpfield,LA
Kyle Monangai,CHI,RB,1,18.4,19.4,20.4,18.4,11,11,19.4,11,11,20.4,11,11,kyle monangai,CHI
Kyle Pitts,ATL,TE,1,0.0,0.0,0.0,0.0,71,71,0.0,74,74,0.0,74,74,kyle pitts,ATL
Kyle Williams,NE,WR,1,0.0,0.0,0.0,0.0,132,132,0.0,134,134,0.0,134,134,kyle williams,NE
Kyler Murray,MIN,QB,1,-0.38,-0.38,-0.38,-0.38,37,37,-0.38,37,37,-0.38,37,37,kyler murray,MIN
Kyren Williams,LA,RB,1,12.5,14.0,15.5,12.5,16,16,14.0,16,16,15.5,15,15,kyren williams,LA
LaJohntay Wester,BAL,WR,1,1.5,2.5,3.5,1.5,86,86,2.5,85,85,3.5,84,84,lajohntay wester,BAL
Ladd McConkey,LAC,WR,1,14.2,16.7,19.2,14.2,10,10,16.7,11,11,19.2,12,12,ladd mcconkey,LAC
Lamar Jackson,BAL,QB,1,24.96,24.96,24.96,24.96,6,6,24.96,6,6,24.96,6,6,lamar jackson,BAL
Lan Larison,NE,RB,1,0.9,1.9,2.9,0.9,66,66,1.9,62,62,2.9,58,58,lan larison,NE
Laquon Treadwell,IND,WR,1,0.0,0.0,0.0,0.0,133,133,0.0,135,135,0.0,135,135,laquon treadwell,IND
Luke Farrell,SF,TE,1,1.9,2.9,3.9,1.9,33,33,2.9,33,33,3.9,33,33,luke farrell,SF
Luke Schoonmaker,DAL,TE,1,1.2,1.7000000000000002,2.2,1.2,46,46,1.7000000000000002,47,47,2.2,48,48,luke schoonmaker,DAL
Luther Burden III,CHI,WR,1,4.5,7.0,9.5,4.5,49,49,7.0,43,43,9.5,37,37,luther burden,CHI
Mack Hollins,NE,WR,1,5.1,7.1,9.1,5.1,46,46,7.1,41,41,9.1,39,39,mack hollins,NE
Makai Lemon,PHI,WR,1,-0.5,1.0,2.5,-0.5,151,151,1.0,99,99,2.5,91,91,makai lemon,PHI
Malachi Corley,CLE,WR,1,0.0,0.0,0.0,0.0,134,134,0.0,136,136,0.0,136,136,malachi corley,CLE
Malachi Fields,NYG,WR,1,2.5,3.5,4.5,2.5,77,77,3.5,76,76,4.5,77,77,malachi fields,NYG
Malik Benson,LV,WR,1,-0.2,0.30000000000000004,0.8,-0.2,149,149,0.30000000000000004,106,106,0.8,105,105,malik benson,LV
Malik Nabers,NYG,WR,1,6.9,9.9,12.9,6.9,33,33,9.9,28,28,12.9,26,26,malik nabers,NYG
Malik Washington,MIA,WR,1,3.3,4.8,6.3,3.3,62,62,4.8,60,60,6.3,61,61,malik washington,MIA
Malik Willis,MIA,QB,1,16.7,16.7,16.7,16.7,14,14,16.7,14,14,16.7,14,14,malik willis,MIA
MarShawn Lloyd,GB,RB,1,3.7,3.7,3.7,3.7,44,44,3.7,47,47,3.7,52,52,marshawn lloyd,GB
Mark Andrews,BAL,TE,1,4.9,6.9,8.9,4.9,20,20,6.9,19,19,8.9,20,20,mark andrews,BAL
Marlin Klein,HOU,TE,1,1.6,2.1,2.6,1.6,37,37,2.1,42,42,2.6,44,44,marlin klein,HOU
Marvin Harrison Jr.,ARI,WR,1,3.3,3.8,4.3,3.3,63,63,3.8,71,71,4.3,78,78,marvin harrison,ARI
Marvin Mims Jr.,DEN,WR,1,0.0,0.0,0.0,0.0,135,135,0.0,137,137,0.0,137,137,marvin mims,DEN
Mason Taylor,NYJ,TE,1,-0.2,0.8,1.8,-0.2,79,79,0.8,61,61,1.8,53,53,mason taylor,NYJ
Matthew Golden,GB,WR,1,9.5,12.5,15.5,9.5,22,22,12.5,20,20,15.5,18,18,matthew golden,GB
Matthew Hibner,BAL,TE,1,1.3,1.7999999999999998,2.3,1.3,44,44,1.7999999999999998,46,46,2.3,47,47,matthew hibner,BAL
Matthew Stafford,LA,QB,1,4.1,4.1,4.1,4.1,32,32,4.1,32,32,4.1,32,32,matthew stafford,LA
Michael Mayer,LV,TE,1,3.2,6.199999999999999,9.2,3.2,23,23,6.199999999999999,21,21,9.2,19,19,michael mayer,LV
Michael Pittman,PIT,WR,1,5.8,7.300000000000001,8.8,5.8,39,39,7.300000000000001,40,40,8.8,43,43,michael pittman,PIT
Michael Wilson,ARI,WR,1,5.6,8.1,10.6,5.6,40,40,8.1,35,35,10.6,31,31,michael wilson,ARI
Mike Evans,SF,WR,1,10.9,13.899999999999999,16.9,10.9,19,19,13.899999999999999,16,16,16.9,14,14,mike evans,SF
Mike Gesicki,CIN,TE,1,13.8,16.3,18.8,13.8,4,4,16.3,4,4,18.8,4,4,mike gesicki,CIN
Mike Washington Jr.,LV,RB,1,4.1,4.1,4.1,4.1,40,40,4.1,42,42,4.1,47,47,mike washington,LV
Mitchell Evans,CAR,TE,1,0.9,1.4,1.9,0.9,49,49,1.4,50,50,1.9,50,50,mitchell evans,CAR
Montorie Foster Jr,SEA,WR,1,0.0,0.0,0.0,0.0,136,136,0.0,138,138,0.0,138,138,montorie foster,SEA
Myles Price,MIN,WR,1,0.0,0.0,0.0,0.0,137,137,0.0,139,139,0.0,139,139,myles price,MIN
Nate Adkins,DEN,TE,1,0.0,0.0,0.0,0.0,72,72,0.0,75,75,0.0,75,75,nate adkins,DEN
Nate Boerkircher,JAX,TE,1,0.9,1.4,1.9,0.9,50,50,1.4,51,51,1.9,51,51,nate boerkircher,JAX
Nick Mullens,JAX,QB,1,-0.3,-0.3,-0.3,-0.3,36,36,-0.3,36,36,-0.3,36,36,nick mullens,JAX
Nick Muse,ATL,TE,1,0.0,0.0,0.0,0.0,73,73,0.0,76,76,0.0,76,76,nick muse,ATL
Nico Collins,HOU,WR,1,14.2,17.7,21.2,14.2,11,11,17.7,9,9,21.2,8,8,nico collins,HOU
Nikko Remigio,KC,WR,1,0.0,0.0,0.0,0.0,138,138,0.0,140,140,0.0,140,140,nikko remigio,KC
Noah Fant,NO,TE,1,9.3,11.3,13.3,9.3,11,11,11.3,10,10,13.3,10,10,noah fant,NO
Noah Gray,KC,TE,1,0.5,1.0,1.5,0.5,57,57,1.0,57,57,1.5,58,58,noah gray,KC
Olamide Zaccheaus,ATL,WR,1,0.5,1.0,1.5,0.5,99,99,1.0,100,100,1.5,100,100,olamide zaccheaus,ATL
Omar Cooper Jr.,NYJ,WR,1,3.0,3.5,4.0,3.0,66,66,3.5,77,77,4.0,80,80,omar cooper,NYJ
Omarion Hampton,LAC,RB,1,8.3,8.3,8.3,8.3,26,26,8.3,30,30,8.3,33,33,omarion hampton,LAC
Oronde Gadsden II,LAC,TE,1,3.2,4.2,5.2,3.2,24,24,4.2,25,25,5.2,28,28,oronde gadsden,LAC
Parker Washington,JAX,WR,1,14.3,16.8,19.3,14.3,9,9,16.8,10,10,19.3,11,11,parker washington,JAX
Pat Bryant,DEN,WR,1,4.2,6.199999999999999,8.2,4.2,52,52,6.199999999999999,52,52,8.2,48,48,pat bryant,DEN
Pat Freiermuth,PIT,TE,1,10.6,13.1,15.6,10.6,7,7,13.1,6,6,15.6,6,6,pat freiermuth,PIT
Patrick Mahomes,KC,QB,1,21.66,21.66,21.66,21.66,9,9,21.66,9,9,21.66,9,9,patrick mahomes,KC
Patrick Ricard,NYG,RB,1,0.0,0.0,0.0,0.0,83,83,0.0,84,84,0.0,84,84,patrick ricard,NYG
Puka Nacua,LA,WR,1,7.4,9.9,12.4,7.4,31,31,9.9,29,29,12.4,27,27,puka nacua,LA
Quentin Johnston,LAC,WR,1,1.7,2.7,3.7,1.7,85,85,2.7,83,83,3.7,82,82,quentin johnston,LAC
Quinshon Judkins,CLE,RB,1,5.0,6.0,7.0,5.0,38,38,6.0,39,39,7.0,39,39,quinshon judkins,CLE
Quintin Morris,JAX,TE,1,0.0,0.0,0.0,0.0,74,74,0.0,77,77,0.0,77,77,quintin morris,JAX
RJ Harvey,DEN,RB,1,4.1,6.1,8.1,4.1,41,41,6.1,38,38,8.1,34,34,rj harvey,DEN
Rachaad White,WAS,RB,1,2.7,3.7,4.7,2.7,53,53,3.7,48,48,4.7,43,43,rachaad white,WAS
Raheim Sanders,CLE,RB,1,2.6,4.1,5.6,2.6,54,54,4.1,43,43,5.6,40,40,raheim sanders,CLE
Rashee Rice,KC,WR,1,7.9,8.9,9.9,7.9,29,29,8.9,32,32,9.9,36,36,rashee rice,KC
Rasheen Ali,BAL,RB,1,0.0,0.0,0.0,0.0,84,84,0.0,85,85,0.0,85,85,rasheen ali,BAL
Rashid Shaheed,SEA,WR,1,0.4,0.8999999999999999,1.4,0.4,102,102,0.8999999999999999,102,102,1.4,102,102,rashid shaheed,SEA
Rashod Bateman,BAL,WR,1,0.0,0.0,0.0,0.0,139,139,0.0,141,141,0.0,141,141,rashod bateman,BAL
Ray Davis,BUF,RB,1,0.3,0.3,0.3,0.3,71,71,0.3,74,74,0.3,74,74,ray davis,BUF
Rhamondre Stevenson,NE,RB,1,9.5,12.0,14.5,9.5,22,22,12.0,19,19,14.5,17,17,rhamondre stevenson,NE
Rico Dowdle,PIT,RB,1,2.1,3.0999999999999996,4.1,2.1,58,58,3.0999999999999996,53,53,4.1,48,48,rico dowdle,PIT
Roman Wilson,PIT,WR,1,2.6,4.1,5.6,2.6,75,75,4.1,70,70,5.6,68,68,roman wilson,PIT
Rome Odunze,CHI,WR,1,5.2,6.2,7.2,5.2,45,45,6.2,50,50,7.2,55,55,rome odunze,CHI
Romeo Doubs,NE,WR,1,0.0,0.0,0.0,0.0,140,140,0.0,142,142,0.0,142,142,romeo doubs,NE
Ronnie Rivers,LA,RB,1,2.4,2.9,3.4,2.4,55,55,2.9,57,57,3.4,54,54,ronnie rivers,LA
Roschon Johnson,CHI,RB,1,0.0,0.0,0.0,0.0,85,85,0.0,86,86,0.0,86,86,roschon johnson,CHI
Ryan Flournoy,DAL,WR,1,2.2,3.2,4.2,2.2,78,78,3.2,81,81,4.2,79,79,ryan flournoy,DAL
Sam Darnold,SEA,QB,1,0.52,0.52,0.52,0.52,35,35,0.52,35,35,0.52,35,35,sam darnold,SEA
Sam LaPorta,DET,TE,1,4.8,7.300000000000001,9.8,4.8,21,21,7.300000000000001,18,18,9.8,17,17,sam laporta,DET
Samaje Perine,CIN,RB,1,5.0,6.5,8.0,5.0,39,39,6.5,37,37,8.0,36,36,samaje perine,CIN
Saquon Barkley,PHI,RB,1,8.0,8.5,9.0,8.0,27,27,8.5,28,28,9.0,30,30,saquon barkley,PHI
Seth McGowan,IND,RB,1,0.0,0.5,1.0,0.0,86,86,0.5,71,71,1.0,68,68,seth mcgowan,IND
Simi Fehoko,ARI,WR,1,0.0,0.0,0.0,0.0,141,141,0.0,143,143,0.0,143,143,simi fehoko,ARI
Sione Vaki,DET,RB,1,1.8,2.3,2.8,1.8,61,61,2.3,61,61,2.8,61,61,sione vaki,DET
Skyy Moore,GB,WR,1,0.0,0.0,0.0,0.0,142,142,0.0,144,144,0.0,144,144,skyy moore,GB
Stefon Diggs,WAS,WR,1,11.5,13.5,15.5,11.5,17,17,13.5,17,17,15.5,19,19,stefon diggs,WAS
Stetson Bennett,LA,QB,1,1.42,1.42,1.42,1.42,34,34,1.42,34,34,1.42,34,34,stetson bennett,LA
T.J. Hockenson,MIN,TE,1,9.6,11.6,13.6,9.6,9,9,11.6,9,9,13.6,9,9,tj hockenson,MIN
Tahj Brooks,CIN,RB,1,0.0,0.0,0.0,0.0,87,87,0.0,87,87,0.0,87,87,tahj brooks,CIN
Tank Bigsby,PHI,RB,1,0.3,0.3,0.3,0.3,72,72,0.3,75,75,0.3,75,75,tank bigsby,PHI
Tanner Hudson,CIN,TE,1,0.4,0.8999999999999999,1.4,0.4,60,60,0.8999999999999999,60,60,1.4,61,61,tanner hudson,CIN
Tay Martin,DET,WR,1,0.0,0.0,0.0,0.0,143,143,0.0,145,145,0.0,145,145,tay martin,DET
Ted Hurst III,TB,WR,1,3.6,5.1,6.6,3.6,59,59,5.1,59,59,6.6,59,59,ted hurst,TB
Tee Higgins,CIN,WR,1,5.9,7.4,8.9,5.9,38,38,7.4,39,39,8.9,42,42,tee higgins,CIN
Terrance Ferguson,LA,TE,1,0.0,0.0,0.0,0.0,75,75,0.0,78,78,0.0,78,78,terrance ferguson,LA
Terry McLaurin,WAS,WR,1,1.4,2.4,3.4,1.4,87,87,2.4,87,87,3.4,85,85,terry mclaurin,WAS
Tetairoa McMillan,CAR,WR,1,5.5,8.0,10.5,5.5,41,41,8.0,36,36,10.5,32,32,tetairoa mcmillan,CAR
Tez Johnson,TB,WR,1,-0.4,-0.4,-0.4,-0.4,150,150,-0.4,151,151,-0.4,151,151,tez johnson,TB
Theo Johnson,NYG,TE,1,0.9,1.4,1.9,0.9,51,51,1.4,52,52,1.9,52,52,theo johnson,NYG
Tom Kennedy,DET,WR,1,0.0,0.0,0.0,0.0,144,144,0.0,146,146,0.0,146,146,tom kennedy,DET
Tommy Tremble,CAR,TE,1,2.5,4.0,5.5,2.5,29,29,4.0,28,28,5.5,27,27,tommy tremble,CAR
Tony Pollard,TEN,RB,1,3.4,3.9000000000000004,4.4,3.4,46,46,3.9000000000000004,45,45,4.4,44,44,tony pollard,TEN
Travis Etienne,NO,RB,1,7.8,11.3,14.8,7.8,28,28,11.3,23,23,14.8,16,16,travis etienne,NO
Travis Kelce,KC,TE,1,7.1,8.6,10.1,7.1,15,15,8.6,15,15,10.1,16,16,travis kelce,KC
Tre Harris,LAC,WR,1,2.0,3.5,5.0,2.0,82,82,3.5,78,78,5.0,72,72,tre harris,LAC
Tre Tucker,LV,WR,1,2.7,3.7,4.7,2.7,71,71,3.7,73,73,4.7,75,75,tre tucker,LV
Trevor Lawrence,JAX,QB,1,26.1,26.1,26.1,26.1,5,5,26.1,5,5,26.1,5,5,trevor lawrence,JAX
Trey McBride,ARI,TE,1,15.5,20.0,24.5,15.5,3,3,20.0,3,3,24.5,2,2,trey mcbride,ARI
Treyton Welch,NO,TE,1,0.0,0.0,0.0,0.0,76,76,0.0,79,79,0.0,79,79,treyton welch,NO
Troy Franklin,DEN,WR,1,0.5,0.5,0.5,0.5,100,100,0.5,105,105,0.5,106,106,troy franklin,DEN
Tucker Kraft,GB,TE,1,6.5,8.0,9.5,6.5,16,16,8.0,17,17,9.5,18,18,tucker kraft,GB
Tyjae Spears,TEN,RB,1,2.4,3.4000000000000004,4.4,2.4,56,56,3.4000000000000004,50,50,4.4,45,45,tyjae spears,TEN
Tyler Allgeier,ARI,RB,1,7.0,8.0,9.0,7.0,30,30,8.0,31,31,9.0,31,31,tyler allgeier,ARI
Tyler Higbee,LA,TE,1,-0.8,0.19999999999999996,1.2,-0.8,80,80,0.19999999999999996,63,63,1.2,62,62,tyler higbee,LA
Tyler Shough,NO,QB,1,23.2,23.2,23.2,23.2,8,8,23.2,8,8,23.2,8,8,tyler shough,NO
Tyler Warren,IND,TE,1,7.3,8.8,10.3,7.3,14,14,8.8,14,14,10.3,15,15,tyler warren,IND
Tyquan Thornton,KC,WR,1,0.0,0.0,0.0,0.0,145,145,0.0,147,147,0.0,147,147,tyquan thornton,KC
Tyrone Tracy Jr.,NYG,RB,1,-0.6,-0.6,-0.6,-0.6,89,89,-0.6,89,89,-0.6,89,89,tyrone tracy,NYG
Wan'Dale Robinson,TEN,WR,1,3.8,6.300000000000001,8.8,3.8,57,57,6.300000000000001,48,48,8.8,44,44,wandale robinson,TEN
Will Kacmarek,MIA,TE,1,0.0,0.0,0.0,0.0,77,77,0.0,80,80,0.0,80,80,will kacmarek,MIA
Will Shipley,PHI,RB,1,1.2,1.7000000000000002,2.2,1.2,63,63,1.7000000000000002,63,63,2.2,63,63,will shipley,PHI
Woody Marks,HOU,RB,1,4.0,4.5,5.0,4.0,43,43,4.5,41,41,5.0,42,42,woody marks,HOU
Xavier Hutchinson,HOU,WR,1,3.2,4.7,6.2,3.2,65,65,4.7,62,62,6.2,62,62,xavier hutchinson,HOU
Xavier Legette,CAR,WR,1,0.0,0.0,0.0,0.0,146,146,0.0,148,148,0.0,148,148,xavier legette,CAR
Xavier Smith,LA,WR,1,0.0,0.0,0.0,0.0,147,147,0.0,149,149,0.0,149,149,xavier smith,LA
Xavier Worthy,KC,WR,1,1.8,3.3,4.8,1.8,84,84,3.3,80,80,4.8,73,73,xavier worthy,KC
Zachariah Branch,ATL,WR,1,0.0,0.0,0.0,0.0,148,148,0.0,150,150,0.0,150,150,zachariah branch,ATL
Zay Flowers,BAL,WR,1,21.0,23.5,26.0,21.0,4,4,23.5,5,5,26.0,7,7,zay flowers,BAL
Andre Szmyt,CLE,K,1,4.0,4.0,4.0,4.0,27,27,4.0,27,27,4.0,27,27,andre szmyt,CLE
Andy Borregales,NE,K,1,6.0,6.0,6.0,6.0,22,22,6.0,22,22,6.0,22,22,andy borregales,NE
Brandon Aubrey,DAL,K,1,2.0,2.0,2.0,2.0,30,30,2.0,30,30,2.0,30,30,brandon aubrey,DAL
Cairo Santos,CHI,K,1,12.0,12.0,12.0,12.0,7,7,12.0,7,7,12.0,7,7,cairo santos,CHI
Cam Little,JAX,K,1,12.0,12.0,12.0,12.0,8,8,12.0,8,8,12.0,8,8,cam little,JAX
Cameron Dicker,LAC,K,1,2.0,2.0,2.0,2.0,31,31,2.0,31,31,2.0,31,31,cameron dicker,LAC
Chad Ryland,ARI,K,1,16.0,16.0,16.0,16.0,2,2,16.0,2,2,16.0,2,2,chad ryland,ARI
Chase McLaughlin,TB,K,1,11.0,11.0,11.0,11.0,9,9,11.0,9,9,11.0,9,9,chase mclaughlin,TB
Chris Boswell,PIT,K,1,9.0,9.0,9.0,9.0,13,13,9.0,13,13,9.0,13,13,chris boswell,PIT
Daniel Carlson,NO,K,1,6.0,6.0,6.0,6.0,23,23,6.0,23,23,6.0,23,23,daniel carlson,NO
Dominic Zvada,NYG,K,1,4.0,4.0,4.0,4.0,28,28,4.0,28,28,4.0,28,28,dominic zvada,NYG
Drew Stevens,WAS,K,1,6.0,6.0,6.0,6.0,24,24,6.0,24,24,6.0,24,24,drew stevens,WAS
Eddy Pineiro,SF,K,1,11.0,11.0,11.0,11.0,10,10,11.0,10,10,11.0,10,10,eddy pineiro,SF
Evan McPherson,CIN,K,1,19.0,19.0,19.0,19.0,1,1,19.0,1,1,19.0,1,1,evan mcpherson,CIN
Harrison Butker,KC,K,1,7.0,7.0,7.0,7.0,17,17,7.0,17,17,7.0,17,17,harrison butker,KC
Harrison Mevis,LA,K,1,1.0,1.0,1.0,1.0,32,32,1.0,32,32,1.0,32,32,harrison mevis,LA
Jake Bates,DET,K,1,7.0,7.0,7.0,7.0,18,18,7.0,18,18,7.0,18,18,jake bates,DET
Jake Elliott,PHI,K,1,6.0,6.0,6.0,6.0,25,25,6.0,25,25,6.0,25,25,jake elliott,PHI
Jason Myers,SEA,K,1,7.0,7.0,7.0,7.0,19,19,7.0,19,19,7.0,19,19,jason myers,SEA
Jason Sanders,NYJ,K,1,15.0,15.0,15.0,15.0,3,3,15.0,3,3,15.0,3,3,jason sanders,NYJ
Joey Slye,TEN,K,1,5.0,5.0,5.0,5.0,26,26,5.0,26,26,5.0,26,26,joey slye,TEN
Ka'imi Fairbairn,HOU,K,1,9.0,9.0,9.0,9.0,14,14,9.0,14,14,9.0,14,14,kaimi fairbairn,HOU
Matt Gay,LV,K,1,10.0,10.0,10.0,10.0,11,11,10.0,11,11,10.0,11,11,matt gay,LV
Nick Folk,ATL,K,1,10.0,10.0,10.0,10.0,12,12,10.0,12,12,10.0,12,12,nick folk,ATL
Riley Patterson,MIA,K,1,8.0,8.0,8.0,8.0,15,15,8.0,15,15,8.0,15,15,riley patterson,MIA
Ryan Fitzgerald,CAR,K,1,8.0,8.0,8.0,8.0,16,16,8.0,16,16,8.0,16,16,ryan fitzgerald,CAR
Spencer Shrader,IND,K,1,7.0,7.0,7.0,7.0,20,20,7.0,20,20,7.0,20,20,spencer shrader,IND
Trey Smack,GB,K,1,13.0,13.0,13.0,13.0,5,5,13.0,5,5,13.0,5,5,trey smack,GB
Tyler Bass,BUF,K,1,13.0,13.0,13.0,13.0,6,6,13.0,6,6,13.0,6,6,tyler bass,BUF
Tyler Loop,BAL,K,1,14.0,14.0,14.0,14.0,4,4,14.0,4,4,14.0,4,4,tyler loop,BAL
Wil Lutz,DEN,K,1,4.0,4.0,4.0,4.0,29,29,4.0,29,29,4.0,29,29,wil lutz,DEN
Will Reichard,MIN,K,1,7.0,7.0,7.0,7.0,21,21,7.0,21,21,7.0,21,21,will reichard,MIN
Arizona Defense,ARI,D/ST,1,8.0,8.0,8.0,8.0,9,9,8.0,9,9,8.0,9,9,arizona defense,ARI
Atlanta Defense,ATL,D/ST,1,5.0,5.0,5.0,5.0,16,16,5.0,16,16,5.0,16,16,atlanta defense,ATL
Baltimore Defense,BAL,D/ST,1,6.0,6.0,6.0,6.0,13,13,6.0,13,13,6.0,13,13,baltimore defense,BAL
Buffalo Defense,BUF,D/ST,1,6.0,6.0,6.0,6.0,14,14,6.0,14,14,6.0,14,14,buffalo defense,BUF
Carolina Defense,CAR,D/ST,1,0.0,0.0,0.0,0.0,28,28,0.0,28,28,0.0,28,28,carolina defense,CAR
Chicago Defense,CHI,D/ST,1,4.0,4.0,4.0,4.0,17,17,4.0,17,17,4.0,17,17,chicago defense,CHI
Cincinnati Defense,CIN,D/ST,1,12.0,12.0,12.0,12.0,5,5,12.0,5,5,12.0,5,5,cincinnati defense,CIN
Cleveland Defense,CLE,D/ST,1,0.0,0.0,0.0,0.0,29,29,0.0,29,29,0.0,29,29,cleveland defense,CLE
Dallas Defense,DAL,D/ST,1,3.0,3.0,3.0,3.0,19,19,3.0,19,19,3.0,19,19,dallas defense,DAL
Denver Defense,DEN,D/ST,1,3.0,3.0,3.0,3.0,20,20,3.0,20,20,3.0,20,20,denver defense,DEN
Detroit Defense,DET,D/ST,1,10.0,10.0,10.0,10.0,7,7,10.0,7,7,10.0,7,7,detroit defense,DET
Green Bay Defense,GB,D/ST,1,1.0,1.0,1.0,1.0,25,25,1.0,25,25,1.0,25,25,green bay defense,GB
Houston Defense,HOU,D/ST,1,-2.0,-2.0,-2.0,-2.0,32,32,-2.0,32,32,-2.0,32,32,houston defense,HOU
Indianapolis Defense,IND,D/ST,1,0.0,0.0,0.0,0.0,30,30,0.0,30,30,0.0,30,30,indianapolis defense,IND
Jacksonville Defense,JAX,D/ST,1,13.0,13.0,13.0,13.0,2,2,13.0,2,2,13.0,2,2,jacksonville defense,JAX
Kansas City Defense,KC,D/ST,1,11.0,11.0,11.0,11.0,6,6,11.0,6,6,11.0,6,6,kansas city defense,KC
LA Rams Defense,LA,D/ST,1,2.0,2.0,2.0,2.0,23,23,2.0,23,23,2.0,23,23,la rams defense,LA
LA Chargers Defense,LAC,D/ST,1,1.0,1.0,1.0,1.0,26,26,1.0,26,26,1.0,26,26,la chargers defense,LAC
Las Vegas Defense,LV,D/ST,1,13.0,13.0,13.0,13.0,3,3,13.0,3,3,13.0,3,3,las vegas defense,LV
Miami Defense,MIA,D/ST,1,4.0,4.0,4.0,4.0,18,18,4.0,18,18,4.0,18,18,miami defense,MIA
Minnesota Defense,MIN,D/ST,1,8.0,8.0,8.0,8.0,10,10,8.0,10,10,8.0,10,10,minnesota defense,MIN
New England Defense,NE,D/ST,1,6.0,6.0,6.0,6.0,15,15,6.0,15,15,6.0,15,15,new england defense,NE
New Orleans Defense,NO,D/ST,1,2.0,2.0,2.0,2.0,24,24,2.0,24,24,2.0,24,24,new orleans defense,NO
NY Giants Defense,NYG,D/ST,1,3.0,3.0,3.0,3.0,21,21,3.0,21,21,3.0,21,21,ny giants defense,NYG
NY Jets Defense,NYJ,D/ST,1,9.0,9.0,9.0,9.0,8,8,9.0,8,8,9.0,8,8,ny jets defense,NYJ
Philadelphia Defense,PHI,D/ST,1,1.0,1.0,1.0,1.0,27,27,1.0,27,27,1.0,27,27,philadelphia defense,PHI
Pittsburgh Defense,PIT,D/ST,1,18.0,18.0,18.0,18.0,1,1,18.0,1,1,18.0,1,1,pittsburgh defense,PIT
Seattle Defense,SEA,D/ST,1,13.0,13.0,13.0,13.0,4,4,13.0,4,4,13.0,4,4,seattle defense,SEA
San Francisco Defense,SF,D/ST,1,8.0,8.0,8.0,8.0,11,11,8.0,11,11,8.0,11,11,san francisco defense,SF
Tampa Bay Defense,TB,D/ST,1,8.0,8.0,8.0,8.0,12,12,8.0,12,12,8.0,12,12,tampa bay defense,TB
Tennessee Defense,TEN,D/ST,1,0.0,0.0,0.0,0.0,31,31,0.0,31,31,0.0,31,31,tennessee defense,TEN
Washington Defense,WAS,D/ST,1,3.0,3.0,3.0,3.0,22,22,3.0,22,22,3.0,22,22,washington defense,WAS
